text,label,phishing_type,severity,confidence
"Subject: URGENT - Credit Line Increase Request - XYZ Manufacturing Corp

From: john.smith@xyzmanufacturing.com
To: corporate.banking@swissbank.ch

Dear Corporate Banking Team,

I am writing on behalf of XYZ Manufacturing Corporation to request an urgent credit line increase from our current $5M to $7M.

BACKGROUND:
- Our company has been a client of Swiss Bank for 8 years
- Perfect payment history with zero defaults
- Current debt-to-equity ratio: 0.4
- Revenue growth: +25% Year-over-Year
- Industry: Manufacturing (Automotive Parts)

BUSINESS JUSTIFICATION:
We have been awarded a major government contract worth $15M over 3 years to supply automotive components for the national defense fleet. This contract requires us to:
- Increase production capacity by 40%
- Hire 50 additional employees
- Purchase new manufacturing equipment ($3.5M)
- Maintain larger raw material inventory

FINANCIAL SITUATION:
- Annual Revenue (2024): $28M
- Net Profit Margin: 12%
- Working Capital: $4.2M (decreased from $4.9M last quarter due to equipment purchases)
- Cash Flow: Strong and consistent
- Major Client Concentration: 65% revenue from single automotive OEM

URGENCY:
The government contract requires proof of financing within 30 days, or the contract will be awarded to a competitor. We need approval within 2 weeks to meet this deadline.

PROPOSED TERMS:
- Credit line increase: $2M (from $5M to $7M)
- Purpose: Working capital and equipment financing
- Proposed rate: Current rate + 25bp
- Collateral: Can offer equipment and government contract receivables

Please review and advise on the approval process. We are prepared to provide any additional documentation needed.

Best regards,
John Smith
CFO, XYZ Manufacturing Corp
Phone: +41 44 123 4567
Email: john.smith@xyzmanufacturing.com",0,legitimate,low,95
"Subject: CRITICAL SECURITY ALERT - Suspicious Wire Transfer Request

From: security@swissbank.ch
To: fraud.investigation@swissbank.ch

ALERT TYPE: Potential Business Email Compromise (BEC)
SEVERITY: HIGH
CASE ID: FRD-2025-00847

INCIDENT SUMMARY:
Our automated fraud detection system has flagged a suspicious wire transfer request that requires immediate investigation by the Fraud Investigation Unit.

DETAILS:
- Customer: Alpine Holdings AG (Account: CH93 0076 2011 6238 5295 7)
- Request: Wire transfer of CHF 2,500,000
- Destination: Offshore account in Cayman Islands
- Receiving Bank: Caribbean International Bank
- Beneficiary: ""Tech Solutions International Ltd"" (newly registered)
- Requested by: Email from ""CFO Michael Weber""

RED FLAGS IDENTIFIED:
1. URGENT request (""must be processed today"")
2. Offshore destination to NEW beneficiary (never transacted before)
3. Email originated from IP address in Nigeria (not Switzerland)
4. Email headers show signs of spoofing
5. Round amount (CHF 2.5M exactly)
6. Request came outside business hours (11:47 PM)
7. Bypassing normal approval workflow
8. Beneficiary company registered only 3 weeks ago

EMAIL FORENSICS:
- Sender appears to be: m.weber@alpineholdings.ch
- Actual sender IP: 41.203.72.145 (Lagos, Nigeria)
- SPF check: FAIL
- DKIM signature: MISSING
- Known malicious IP: YES (flagged in 15 previous BEC attempts)

CLIENT PROFILE:
- Alpine Holdings AG: Long-standing client (12 years)
- Typical transaction size: CHF 50K - 200K
- Geographic focus: European Union only
- Never used Cayman Islands banking before
- Real CFO Michael Weber: Currently on vacation (auto-reply active)

RECOMMENDED ACTIONS:
1. BLOCK transaction immediately
2. Contact client via verified phone number
3. Investigate email compromise
4. File suspicious activity report (SAR)
5. Coordinate with cybersecurity team

Please initiate full fraud investigation protocol.

-- Automated Security System
Swiss Bank Security Operations Center",1,fraud,critical,98
"Subject: Regulatory Compliance Question - FATCA Reporting Requirements

From: compliance.officer@globalinvest.com
To: compliance@swissbank.ch

Dear Swiss Bank Compliance Team,

We are reaching out regarding FATCA (Foreign Account Tax Compliance Act) reporting requirements for one of our dual-national clients.

CLIENT SITUATION:
- Client Name: Robert Anderson (Swiss-US dual citizen)
- Swiss Resident: Yes (living in Zurich for 15 years)
- US Citizen: Yes (by birth, maintains US passport)
- Account Type: Private investment account
- Account Balance: CHF 8.5M
- Investment Mix: 40% Swiss equities, 35% US securities, 25% bonds

COMPLIANCE QUESTIONS:

1. FATCA REPORTING THRESHOLD:
Since Mr. Anderson is a US citizen, are we required to report his account to the IRS even though he is primarily a Swiss resident? The account exceeds the $50,000 reporting threshold.

2. W-9 FORM COLLECTION:
Mr. Anderson has refused to provide a W-9 form, stating that his account is ""primarily Swiss"" and therefore exempt. He has only provided Swiss tax documentation. Is this acceptable under FATCA regulations?

3. WITHHOLDING TAX OBLIGATIONS:
We have been withholding 30% on his US-source dividends as required. However, he is claiming this is incorrect and wants a refund. What is the correct withholding approach for dual nationals?

4. CRS vs FATCA OVERLAP:
Given that Switzerland has both CRS (Common Reporting Standard) and FATCA obligations, how do we handle the reporting overlap without duplicating information?

5. PENALTIES FOR NON-COMPLIANCE:
What are the potential penalties for the bank if we fail to properly report this account under FATCA? Our legal team is asking for specific risk assessment.

URGENCY:
The FATCA reporting deadline is in 45 days. We need guidance on proper procedures to ensure compliance and avoid penalties for both the client and the bank.

DOCUMENTATION AVAILABLE:
- Copy of Swiss passport
- Copy of US passport
- Swiss tax returns (2022-2024)
- Investment account statements
- Partial Form W-8BEN (incomplete)

Could you please provide guidance on the correct compliance procedures? We want to ensure we meet all regulatory obligations while protecting client privacy to the extent allowed by law.

Thank you for your assistance.

Best regards,
Maria Rodriguez
Senior Compliance Officer
Global Investment Services
Phone: +41 22 789 1234",0,legitimate,medium,90
"Subject: Portfolio Review Request - CHF 12M Inheritance Investment Strategy

From: elisabeth.mueller@email.ch
To: wealth.management@swissbank.ch

Dear Wealth Management Team,

My name is Elisabeth Mueller, and I was referred to your team by my attorney, Dr. Hans Zimmermann of Zimmermann & Partners. I recently inherited a significant sum and need expert guidance on investment strategy.

BACKGROUND:
- Age: 58 years old
- Occupation: Semi-retired physician (working part-time)
- Family: Married, 2 adult children (ages 28 and 31)
- Current residence: Zurich, Switzerland
- Expected retirement: 5-7 years

INHERITANCE DETAILS:
- Total inheritance: CHF 12 million (from late father's estate)
- Currently sitting in: Low-interest savings account (0.5% APY)
- Estate settled: Yes (all legal matters concluded)
- Tax implications: Already addressed with tax advisor

FINANCIAL SITUATION:
- Annual income: CHF 180,000 (part-time medical practice)
- Living expenses: CHF 120,000 per year
- Existing savings: CHF 800,000
- Existing investments: CHF 400,000 (conservative bonds)
- Real estate: Primary residence (fully paid, worth CHF 2.2M)
- Pension: Swiss mandatory pension + private pension (well-funded)
- Debt: None

INVESTMENT OBJECTIVES:
1. PRIMARY: Preserve capital for retirement and estate planning
2. SECONDARY: Generate moderate income to supplement retirement
3. TERTIARY: Growth potential for generational wealth transfer

RISK TOLERANCE:
- Conservative to moderate
- Cannot afford significant losses (near retirement)
- Prefer stable, predictable returns over high-risk/high-reward
- Willing to accept 5-10% volatility for better long-term returns

TIME HORIZON:
- 5-7 years until full retirement
- 25-30 years life expectancy (family longevity)
- Want to leave estate to children

PREFERENCES & CONSTRAINTS:
- Prefer Swiss and European investments (familiarity)
- Interested in ESG (Environmental, Social, Governance) investing
- Not interested in cryptocurrency or speculative assets
- Want geographical diversification (Europe, US, Asia)
- Need to understand tax implications (Swiss tax resident)

SPECIFIC QUESTIONS:
1. What asset allocation would you recommend (stocks/bonds/real estate/alternatives)?
2. Should I invest lump sum immediately or use dollar-cost averaging?
3. How can I minimize Swiss wealth tax on this large sum?
4. Should I consider setting up a trust or foundation for estate planning?
5. What are the recommended vehicles (mutual funds, ETFs, direct stocks, etc.)?
6. How should I balance income generation vs. growth?

ESTATE PLANNING CONSIDERATIONS:
- Want to ensure children inherit efficiently (minimize inheritance tax)
- Considering charitable giving (10-15% of estate to medical research)
- Need to coordinate with existing pension and insurance

MEETING REQUEST:
I would appreciate a consultation to discuss a comprehensive investment and estate planning strategy. I am available for an in-person meeting in Zurich or video conference.

Please let me know your availability and what documentation I should prepare for our meeting.

Thank you for your time and expertise.

Warm regards,
Dr. Elisabeth Mueller
Phone: +41 79 456 7890
Email: elisabeth.mueller@email.ch",0,legitimate,low,92
"Subject: Trade Finance Request - Import Letter of Credit - Urgent

From: thomas.schneider@alpinetrading.ch
To: corporate.banking@swissbank.ch

Dear Corporate Banking Team,

Alpine Trading AG requests establishment of an import Letter of Credit (L/C) for a time-sensitive procurement from our Asian supplier.

COMPANY INFORMATION:
- Company: Alpine Trading AG
- Relationship: Client since 2018
- Business: Import/Export of industrial machinery
- Annual Revenue: CHF 45M
- Credit facilities: Currently utilizing CHF 3M of CHF 5M revolving credit

TRANSACTION DETAILS:
- Supplier: Shanghai Machinery Manufacturing Co., Ltd (China)
- Supplier relationship: 6-year partnership, multiple successful transactions
- Goods: CNC machining equipment (5 units)
- Total value: USD 2,800,000
- Payment terms: Irrevocable Letter of Credit, 90-day sight
- Shipping: FOB Shanghai, Sea freight to Port of Basel
- Delivery timeline: 60 days from L/C issuance

L/C REQUIREMENTS:
- Type: Irrevocable, Confirmed L/C
- Amount: USD 2,800,000
- Tenor: 90 days sight
- Latest shipment date: 60 days from issuance
- Partial shipments: Not allowed
- Transshipment: Allowed
- Required documents:
  * Commercial invoice (3 copies)
  * Packing list
  * Bill of Lading (full set)
  * Certificate of Origin
  * Inspection certificate (SGS)
  * Insurance policy

BUSINESS JUSTIFICATION:
We have secured a contract with a Swiss manufacturing client (Precision Industries AG) to supply these CNC machines at CHF 3.8M. This represents a 25% profit margin after all costs.

The client has already paid a 30% deposit (CHF 1.14M, currently in our account), and will pay the balance upon delivery.

URGENCY & TIMING:
Our Chinese supplier requires the L/C to be opened within 10 business days to secure the production slot. Any delay will push delivery to next quarter, and we risk losing the Swiss client contract.

SUPPORTING DOCUMENTATION:
- Purchase Order from Precision Industries AG (CHF 3.8M)
- Proforma invoice from Shanghai Machinery (USD 2.8M)
- Technical specifications and compliance certificates
- Previous transaction history with supplier
- Current financial statements (Q3 2024)

RISK MITIGATION:
- Inspection by SGS before shipment
- Marine cargo insurance (110% of invoice value)
- Payment guarantee from Swiss client
- Established relationship with supplier

CURRENT FINANCIAL STATUS:
- Cash position: CHF 2.1M
- Receivables: CHF 4.8M
- Payables: CHF 2.3M
- Debt service coverage ratio: 1.8x
- Working capital: Healthy

REQUEST:
Please advise on:
1. L/C issuance fees and charges
2. Timeline for L/C establishment
3. Required documentation from our side
4. Whether this fits within our existing credit facility or requires separate approval
5. Currency hedging options (USD/CHF) given the 90-day tenor

We are prepared to provide any additional information needed for swift processing.

Best regards,
Thomas Schneider
Finance Director
Alpine Trading AG
Phone: +41 61 789 3456
Email: thomas.schneider@alpinetrading.ch",0,legitimate,medium,93
"Subject: Customer Complaint - Account Access Issues & Service Quality

From: angry.customer@gmail.com
To: customer.service@swissbank.ch

To Whom It May Concern,

I am writing to express my extreme dissatisfaction with the terrible service I have experienced from Swiss Bank over the past two weeks. This is completely unacceptable for a bank of your supposed reputation.

PROBLEMS I AM EXPERIENCING:

1. ONLINE BANKING ACCESS BLOCKED (2 WEEKS NOW!)
I have been LOCKED OUT of my online banking account for 14 days. Every time I try to log in, I get an error message saying ""Account temporarily suspended for security reasons.""

I have called customer service SEVEN TIMES and each time I get a different answer:
- First call: ""Technical issue, fixed in 24 hours"" - LIE
- Second call: ""Need to verify identity at branch"" - I went to branch, they couldn't help
- Third call: ""Escalated to IT department"" - No follow-up
- Fourth call: ""Account under security review"" - No explanation why
- Fifth call: ""Wait 5-7 business days"" - It's been 10 business days
- Sixth call: ""Transfer to supervisor"" - Put on hold for 45 minutes, then disconnected
- Seventh call: ""We'll call you back within 48 hours"" - Nobody called back

2. MISSING SALARY PAYMENT
My employer deposited my salary (CHF 8,500) into my account on January 15th. It's now January 29th and the money is STILL not showing in my account. My employer confirmed the transfer was successful on their end.

I have bills to pay, rent is due, and I cannot access MY OWN MONEY.

3. DEBIT CARD DECLINED REPEATEDLY
My debit card has been declined at multiple merchants, which is HUMILIATING. I had to borrow money from friends to buy groceries. The card works sometimes but fails randomly. Customer service says ""no issues found"" - clearly FALSE.

4. AUTOMATED PHONE SYSTEM IS TORTURE
Your phone system is a nightmare:
- 15-minute wait times on average
- Disconnects randomly
- Menu options don't work properly
- ""Press 1 for English"" leads to German menu
- Impossible to reach a human quickly

5. BRANCH VISIT WAS USELESS
I went to my local branch on Bahnhofstrasse. They said:
- ""We can't access your account from here"" - WHAT??
- ""Call the phone number"" - I already did that 7 times!
- ""Nothing we can do"" - What kind of service is this??

IMPACT ON MY LIFE:
- Cannot pay rent (due today)
- Cannot buy groceries
- Credit card payment missed (will affect credit score)
- Insurance payment bounced (policy may be cancelled)
- Extreme stress and anxiety
- Missed half day of work to visit branch (lost wages)

WHAT I NEED IMMEDIATELY:
1. RESTORE my online banking access TODAY
2. FIND my missing salary (CHF 8,500)
3. FIX my debit card
4. COMPENSATE me for all the problems and wasted time
5. EXPLANATION of what is happening and why nobody can help

I am seriously considering:
- Filing a complaint with FINMA (Swiss Financial Market Supervisory Authority)
- Switching to a competitor bank
- Posting negative reviews on social media
- Contacting consumer protection organizations
- Legal action for damages

This is not just an inconvenience - you are holding my money hostage and destroying my financial life. I expect an IMMEDIATE response and RESOLUTION.

If I do not hear back within 24 hours with concrete solutions, I will proceed with formal complaints to regulatory authorities.

Account Information:
- Name: Peter Müller
- Account Number: CH76 0483 5012 3456 7800 0
- Customer Number: 1847293
- Phone: +41 79 234 5678
- Email: angry.customer@gmail.com

I DEMAND immediate action and a phone call from a supervisor who can actually solve problems.

Disgusted and Frustrated,
Peter Müller",0,legitimate,high,88
